# id,name,interests (semicolon-separated)
0,Aditya_0,Computer Vision;Databases;Hiking;Operating Systems;Photography;Web Development
1,Rohan_1,Computer Vision;Databases;Photography;Rust;Writing
2,Mansi_2,Chemistry;Competitive Programming;Gaming;Swimming
3,Atishay_3,Cricket;Cybersecurity;Investing;Mathematics;Reading
4,Pooja_4,Blockchain;Frontend;Go;JavaScript;Photography;Swimming;Web Development
5,Nikhil_5,Algorithms;Databases;Gaming;Hiking;Networking;Python;Rust
6,Ishaan_6,Chemistry;Cloud;Competitive Programming;Deep Learning;Frontend;NLP;Web Development
7,Ananya_7,C++;Data Structures;DevOps;Economics;Finance;Networking;Reading
8,Aditya_8,Algorithms;Competitive Programming;Music;Networking;Photography
9,Neha_9,Blockchain;Competitive Programming;Deep Learning;Football
10,Kavya_10,C++;Cybersecurity;Deep Learning;Frontend;Graph Theory;Web Development
11,Nidhi_11,Cricket;Cybersecurity;Football;Gaming;Reading
12,Tanya_12,Algorithms;Football;Go;Investing;Java;JavaScript;Photography
13,Nidhi_13,Basketball;Blockchain;Computer Vision;Data Structures;Frontend;Swimming
14,Neha_14,C++;Chemistry;Rust;Swimming;Writing
15,Shreya_15,Computer Vision;Deep Learning;Go;Java;JavaScript;Operating Systems;Python
16,Arjun_16,Go;Graph Theory;Hiking;Painting;Writing
17,Suhani_17,C++;Data Structures;DevOps;Economics;Mathematics;Networking
18,Vikas_18,C++;Chemistry;Gaming;Graph Theory;Networking;Photography
19,Simran_19,Biology;Chemistry;Cybersecurity;DevOps;Music;Swimming
20,Rahul_20,Chemistry;Competitive Programming;Compilers;Graph Theory;Mathematics;Networking
21,Sneha_21,Gaming;Hiking;Music;Networking;Python;Rust
22,Vishal_22,Algorithms;Cricket;Java;Mathematics;Operating Systems
23,Ananya_23,Chemistry;Operating Systems;Swimming;Web Development
24,Vikas_24,Competitive Programming;Computer Vision;Go;Java;Machine Learning;Photography;Physics
25,Mansi_25,Cricket;DevOps;Finance;Football;Graph Theory;Machine Learning;Reading
26,Ananya_26,Compilers;Cricket;Machine Learning;Photography;Reading
27,Rohan_27,Basketball;Blockchain;Chemistry;Computer Vision;Data Structures;Frontend;Swimming
28,Kunal_28,Algorithms;Cricket;Java;Mathematics;Reading
29,Vishal_29,Frontend;Gaming;Graph Theory;Python;Reading
30,Isha_30,Blockchain;Databases;Finance;Java
31,Shreya_31,C++;Computer Vision;Hiking;Photography;Rust;Swimming;Web Development
32,Simran_32,C++;Databases;Mathematics;Physics
33,Kunal_33,C++;Cloud;Compilers;Mathematics;Reading
34,Amit_34,Cricket;Cybersecurity;Mathematics;Music;Reading;Rust
35,Kavya_35,Biology;C++;Finance;Hiking;Machine Learning
36,Ravi_36,Biology;Blockchain;Graph Theory;Hiking;Painting;Writing
37,Suhani_37,Basketball;Cloud;DevOps;Finance;Go;Hiking;Swimming
38,Nikhil_38,Computer Vision;Cricket;Finance;Rust
39,Simran_39,Basketball;Chemistry;Gaming;Physics;Swimming;Web Development
40,Nikhil_40,Basketball;Biology;Blockchain;Economics;Finance;Hiking
41,Kunal_41,Blockchain;C++;Cloud;Databases;Mathematics
42,Atishay_42,Blockchain;Compilers;Economics;Graph Theory;Web Development;Writing
43,Pooja_43,Backend;Data Structures;Go;Hiking;Painting;Reading;Writing
44,Sneha_44,Compilers;Computer Vision;Finance;Frontend;Rust
45,Amit_45,Compilers;Gaming;Java;Reading
46,Kavya_46,Basketball;Computer Vision;Data Structures;Frontend;JavaScript;Photography;Python;Swimming
47,Kavya_47,Backend;Biology;Cricket;Hiking;Operating Systems;Writing
48,Pooja_48,Cloud;DevOps;Networking;Painting;Reading
49,Ishaan_49,Go;Investing;Mathematics;Painting;Python
50,Divya_50,C++;Hiking;Mathematics;Physics
51,Aditya_51,Compilers;DevOps;Graph Theory;Machine Learning;Networking;Operating Systems
52,Kavya_52,Blockchain;Cybersecurity;Databases;Finance;Java
53,Megha_53,Compilers;Cricket;Cybersecurity;Hiking;Mathematics
54,Kunal_54,Chemistry;Go;Mathematics;Operating Systems;Physics;Python
55,Suhani_55,Economics;Investing;Music;Painting;Physics;Python;Writing
56,Rahul_56,Algorithms;Finance;Machine Learning;Music;Web Development
57,Shreya_57,Chemistry;Deep Learning;Investing;Java;NLP;Swimming
58,Rohan_58,Algorithms;Go;Java;JavaScript;NLP;Photography;Rust
59,Ishaan_59,Backend;Data Structures;DevOps;Frontend
60,Tanya_60,Basketball;Biology;C++;Competitive Programming;Frontend;Physics
61,Kavya_61,Algorithms;Basketball;Competitive Programming;Databases;DevOps;JavaScript;Music;Web Development
62,Neha_62,DevOps;Go;Mathematics;Operating Systems;Physics
63,Rohan_63,Finance;Gaming;Go;Graph Theory;Operating Systems;Python;Reading
64,Tanya_64,Computer Vision;Deep Learning;Investing;Java;Photography;Physics
65,Vinayak_65,Cloud;Football;Graph Theory;JavaScript;Physics;Python
66,Neha_66,C++;Databases;Deep Learning;Mathematics
67,Vishal_67,Chemistry;Cloud;DevOps;Python
68,Nidhi_68,Cybersecurity;Finance;Java;NLP
69,Rahul_69,Blockchain;Economics;Operating Systems;Web Development
70,Kunal_70,Go;JavaScript;Operating Systems;Photography;Python;Writing
71,Priya_71,Basketball;Compilers;Computer Vision;Databases;Hiking;Photography;Writing
72,Amit_72,Basketball;Competitive Programming;Computer Vision;Deep Learning;DevOps;Football;Swimming
73,Amit_73,C++;Economics;Football;JavaScript;Operating Systems;Physics;Swimming
74,Yash_74,Algorithms;Competitive Programming;Databases;Mathematics;Networking
75,Kunal_75,Cloud;Computer Vision;Cricket;Finance
76,Vinayak_76,Basketball;Competitive Programming;Data Structures;Finance;Hiking;Reading;Writing
77,Ravi_77,Compilers;Databases;Finance;Go;Machine Learning;NLP;Physics
78,Arjun_78,Deep Learning;Graph Theory;Photography;Web Development
79,Nidhi_79,Blockchain;Computer Vision;Cricket;Cybersecurity;Football;Gaming
80,Arjun_80,Algorithms;C++;Competitive Programming;Gaming;Web Development;Writing
81,Arjun_81,C++;Cloud;Compilers;Writing
82,Sarthak_82,DevOps;Frontend;JavaScript;Photography;Writing
83,Ananya_83,Biology;Data Structures;Hiking;Java;JavaScript
84,Pooja_84,Gaming;Java;Reading
85,Vikas_85,Basketball;Computer Vision;Cricket;Data Structures;Databases;Football;Frontend;Swimming
86,Vinayak_86,Algorithms;Competitive Programming;Cricket;Finance;Go;Web Development
87,Nikhil_87,C++;Cloud;Compilers;Music;Web Development
88,Suhani_88,Competitive Programming;Data Structures;Graph Theory;JavaScript;Photography;Physics
89,Divya_89,Basketball;Competitive Programming;Computer Vision;DevOps;Football;NLP;Photography;Swimming
90,Amit_90,Backend;Cybersecurity;Economics;Frontend;Machine Learning;Web Development
91,Ishaan_91,Blockchain;Competitive Programming;Databases;Deep Learning
92,Arjun_92,Backend;C++;Hiking;JavaScript;NLP;Reading;Rust
93,Rahul_93,Basketball;Blockchain;Competitive Programming;Computer Vision;Data Structures;Football;Photography;Swimming
94,Sneha_94,Chemistry;Competitive Programming;Compilers;Computer Vision;JavaScript;Physics;Rust
95,Sarthak_95,Data Structures;Go;Hiking;Reading
96,Nidhi_96,Backend;Cloud;DevOps;Finance;Go;Hiking;Reading
97,Sneha_97,Cloud;Databases;DevOps;Finance;Go;Hiking
98,Harsh_98,Data Structures;Go;Hiking;JavaScript;Music;Reading
99,Yash_99,Competitive Programming;Finance;Gaming;Go;JavaScript;Writing
100,Ravi_100,Chemistry;Compilers;DevOps;Rust;Swimming;Writing
101,Karan_101,Basketball;C++;Data Structures;DevOps;Economics;Networking;Python;Web Development
102,Shreya_102,Cybersecurity;Deep Learning;Football;Hiking;Rust
103,Pooja_103,Cricket;Finance;Go;Java;Python
104,Megha_104,Biology;Gaming;Hiking;Networking;Python;Rust
105,Simran_105,Algorithms;Chemistry;Compilers;Deep Learning;Investing;Java;Swimming
106,Neha_106,Cloud;JavaScript;Painting;Physics;Python
107,Ananya_107,Algorithms;Basketball;Blockchain;Competitive Programming;Gaming;Web Development
108,Tanya_108,Chemistry;DevOps;Hiking;Investing;Networking
109,Vinayak_109,C++;Compilers;Databases;Java;Machine Learning;Painting;Web Development
110,Divya_110,Cloud;Computer Vision;Cricket;Data Structures;Finance
111,Amit_111,Backend;Cybersecurity;Economics;Frontend;JavaScript;Machine Learning
112,Kunal_112,Competitive Programming;Compilers;DevOps;Finance;Football;Graph Theory;Networking
113,Kavya_113,Cricket;Cybersecurity;Databases;Mathematics
114,Tanya_114,Basketball;Cricket;Deep Learning;Machine Learning;Physics;Reading;Web Development
115,Pooja_115,Biology;Hiking;Investing;Java;JavaScript;Music
116,Vinayak_116,Compilers;Computer Vision;DevOps;Go;Machine Learning;Mathematics
117,Pooja_117,Go;Investing;Painting;Python;Writing
118,Tanya_118,Blockchain;Computer Vision;Cricket;Football;Mathematics;Operating Systems
119,Suhani_119,Cloud;Competitive Programming;Computer Vision;Cybersecurity;Finance;NLP
120,Vikas_120,Blockchain;Deep Learning;Frontend;JavaScript;Machine Learning;Python;Web Development
121,Aditya_121,Chemistry;Competitive Programming;Cricket;Frontend;Python;Writing
122,Ananya_122,Basketball;Competitive Programming;Computer Vision;Finance;Football;Music;Swimming
123,Shreya_123,Algorithms;Competitive Programming;Go;Java;JavaScript;Photography
124,Kavya_124,C++;Cloud;Compilers;Go
125,Rohan_125,Finance;Machine Learning;Music;Web Development
126,Kunal_126,Chemistry;DevOps;Gaming;Graph Theory;Mathematics;Networking
127,Vishal_127,Backend;Chemistry;DevOps;Go;Java;Music;Swimming
128,Harsh_128,Backend;Blockchain;Computer Vision;Go;Java
129,Harsh_129,Chemistry;Cloud;Competitive Programming;Frontend;NLP;Swimming
130,Karan_130,Computer Vision;Java;Photography;Physics
131,Sneha_131,Blockchain;DevOps;Finance;Football;Graph Theory
132,Atishay_132,Competitive Programming;Graph Theory;Investing;Photography;Physics;Writing
133,Rahul_133,Competitive Programming;Cricket;Frontend;Painting;Photography;Python;Writing
134,Aditya_134,Backend;Cybersecurity;Economics;Frontend;Java;Machine Learning
135,Vishal_135,Computer Vision;Cricket;Databases;Java;Photography;Web Development
136,Vikas_136,Cloud;DevOps;Finance;Go;Hiking;Java;Painting
137,Ananya_137,Algorithms;Cloud;Computer Vision;Cricket;Deep Learning;Finance
138,Vinayak_138,Chemistry;Cloud;Competitive Programming;Data Structures;Frontend;NLP;Swimming
139,Sarthak_139,Cricket;Gaming;Investing;JavaScript;Painting
140,Mansi_140,Blockchain;Competitive Programming;Deep Learning;Writing
141,Kavya_141,Algorithms;Basketball;DevOps;Finance
142,Rahul_142,Competitive Programming;Cricket;Deep Learning;Frontend;Painting;Python;Writing
143,Ananya_143,Cloud;Cricket;JavaScript;Physics;Python
144,Rahul_144,C++;Databases;DevOps;Mathematics
145,Vishal_145,Backend;DevOps;Investing;Music;Operating Systems;Painting;Physics
146,Yash_146,Backend;C++;Cricket;Frontend;NLP;Rust
147,Ananya_147,Algorithms;Competitive Programming;DevOps;Finance;Go;JavaScript
148,Aditya_148,Backend;Data Structures;DevOps;Frontend;Python;Swimming
149,Nidhi_149,Compilers;Finance;Go;NLP;Physics
150,Kunal_150,Blockchain;Competitive Programming;Deep Learning;Python
151,Tanya_151,Blockchain;Chemistry;Databases;Finance;Java;NLP
152,Vinayak_152,Backend;Biology;C++;Chemistry;Cybersecurity;Deep Learning;NLP;Physics
153,Isha_153,Basketball;Blockchain;Databases;Finance;Networking;Swimming;Writing
154,Vishal_154,Basketball;Blockchain;Finance;Machine Learning;Networking;Swimming
155,Megha_155,Algorithms;Blockchain;Competitive Programming;Computer Vision;Java;Photography;Physics
156,Pooja_156,Chemistry;Gaming;Hiking;Swimming
157,Tanya_157,Chemistry;Databases;DevOps;Frontend;Hiking;Investing
158,Tanya_158,Chemistry;Economics;Go;Rust;Writing
159,Tanya_159,C++;Finance;Gaming;Hiking;Machine Learning;Mathematics
160,Shreya_160,Algorithms;Basketball;Biology;Blockchain;Finance;Graph Theory;Hiking;Investing
161,Yash_161,Economics;Mathematics;Operating Systems
162,Pooja_162,Cloud;Data Structures;Gaming;Networking;Reading;Writing
163,Arjun_163,Go;Painting;Python;Rust;Writing
164,Ishaan_164,Chemistry;Databases;DevOps;Hiking;Investing;Java
165,Ishaan_165,Biology;Cricket;JavaScript;Painting;Photography;Rust;Web Development
166,Suhani_166,Basketball;C++;Computer Vision;Data Structures;Frontend;Java;Swimming
167,Suhani_167,Biology;Football;Gaming;Hiking;Investing;JavaScript;Operating Systems;Reading
168,Megha_168,C++;Chemistry;Compilers;Graph Theory;Networking
169,Karan_169,C++;Databases;JavaScript;Music
170,Yash_170,Chemistry;Deep Learning;Java;JavaScript;Operating Systems;Python
171,Rohan_171,DevOps;Finance;Football;Graph Theory;Swimming
172,Simran_172,Compilers;Computer Vision;Databases;DevOps;Rust;Writing
173,Ravi_173,Backend;C++;Data Structures;Java;NLP;Rust
174,Ishaan_174,Chemistry;Computer Vision;DevOps;Gaming;JavaScript;Mathematics
175,Yash_175,Competitive Programming;Finance;Go;Graph Theory;JavaScript;Swimming
176,Simran_176,Basketball;Chemistry;DevOps;Finance;Frontend
177,Kavya_177,Algorithms;Chemistry;Go;Rust;Swimming;Writing
178,Ishaan_178,Chemistry;DevOps;Frontend;Java;JavaScript;Writing
179,Harsh_179,Algorithms;Economics;Go;Java;JavaScript;Photography
180,Mansi_180,Blockchain;Cybersecurity;Frontend;Go;Graph Theory;JavaScript;Web Development
181,Megha_181,Cybersecurity;Go;JavaScript;Operating Systems;Photography;Physics
182,Simran_182,Cloud;JavaScript;Painting;Physics;Python
183,Shreya_183,C++;Compilers;Databases;Machine Learning;Painting;Rust;Web Development
184,Amit_184,Gaming;Java;Reading;Rust
185,Pooja_185,Blockchain;Cloud;Compilers;Economics;Web Development
186,Shreya_186,Algorithms;Chemistry;Data Structures;DevOps;Hiking;Investing;Mathematics
187,Atishay_187,Computer Vision;Economics;Java;NLP;Networking;Photography;Physics
188,Kunal_188,Basketball;Competitive Programming;Computer Vision;Football;Graph Theory;Reading;Swimming
189,Neha_189,Blockchain;Chemistry;Gaming;Graph Theory;Investing;Networking
190,Rahul_190,Algorithms;Chemistry;Cloud;DevOps;Python
191,Mansi_191,Cloud;Databases;DevOps;Painting;Reading
192,Yash_192,C++;Compilers;Cricket;Mathematics;Physics
193,Rohan_193,Cricket;Investing;Java;JavaScript;Painting
194,Shreya_194,Basketball;Biology;Blockchain;Data Structures;Frontend;JavaScript;Web Development
195,Vinayak_195,Cricket;Deep Learning;Go;Investing;Painting;Python
196,Harsh_196,Cricket;Economics;Finance;JavaScript;Music;Networking;Painting
197,Kunal_197,Compilers;Computer Vision;Go;Machine Learning;Mathematics;Networking
198,Nidhi_198,Chemistry;DevOps;Operating Systems;Swimming;Web Development
199,Ishaan_199,Cloud;Cricket;DevOps;Painting;Reading
200,Vikas_200,Chemistry;DevOps;Hiking;Investing;Machine Learning;Music;Rust
201,Nikhil_201,Algorithms;Competitive Programming;Gaming;Music;Web Development;Writing
202,Rohan_202,Compilers;Finance;Go;Machine Learning;NLP;Physics
203,Arjun_203,Cloud;Data Structures;Gaming;Hiking;Python;Writing
204,Vinayak_204,Biology;Blockchain;Cricket;Cybersecurity;Data Structures;Football;Gaming
205,Tanya_205,Blockchain;Investing;Music;Painting;Physics
206,Megha_206,C++;Competitive Programming;Compilers;Cricket;Finance;Hiking;Machine Learning
207,Amit_207,Gaming;NLP;Networking;Operating Systems;Painting;Physics;Python
208,Ishaan_208,Blockchain;Compilers;Economics;Web Development
209,Sarthak_209,Basketball;Chemistry;Compilers;Graph Theory;Investing;Mathematics;Networking
210,Harsh_210,Basketball;C++;Football;JavaScript;NLP;Operating Systems;Physics;Python
211,Ananya_211,Basketball;Cloud;DevOps;Gaming;Painting;Reading;Web Development
212,Ishaan_212,Blockchain;C++;Cybersecurity;Mathematics;Physics
213,Pooja_213,Backend;Cloud;DevOps;Finance;Go;Hiking
214,Nikhil_214,C++;Cricket;Data Structures;DevOps;Economics;Networking;Swimming
215,Simran_215,Competitive Programming;Cricket;Frontend;Go;Python;Writing
216,Atishay_216,Computer Vision;Deep Learning;Football;Gaming;Mathematics;Python;Writing
217,Pooja_217,Backend;Blockchain;Competitive Programming;Deep Learning;Hiking
218,Ishaan_218,Algorithms;Blockchain;Competitive Programming;Cybersecurity;Gaming;Photography;Web Development
219,Aditya_219,Basketball;Competitive Programming;Computer Vision;Football;Java;Rust;Swimming
220,Sarthak_220,Basketball;DevOps;Finance;Football;Music
221,Kavya_221,C++;Cloud;Compilers;Gaming
222,Atishay_222,Data Structures;Deep Learning;Graph Theory;Java
223,Rahul_223,Backend;C++;NLP;Networking;Rust
224,Megha_224,Chemistry;Cloud;Competitive Programming;Frontend;Gaming;Java;NLP;Web Development
225,Kunal_225,Competitive Programming;Computer Vision;Football;Python;Swimming;Web Development
226,Ananya_226,Basketball;Cloud;Compilers;Databases;Frontend;Hiking;Writing
227,Arjun_227,Cloud;Computer Vision;Cricket;Java;Photography;Physics
228,Suhani_228,Algorithms;Competitive Programming;Computer Vision;Gaming;Web Development
229,Mansi_229,Basketball;Cricket;Gaming;Java;Reading
230,Rohan_230,Algorithms;Graph Theory;Machine Learning;NLP;Painting;Web Development;Writing
231,Rohan_231,Basketball;Cricket;Finance;Networking;Rust;Swimming;Web Development;Writing
232,Mansi_232,DevOps;Go;JavaScript;Operating Systems
233,Harsh_233,C++;Cricket;Football;Frontend;JavaScript;Music;Operating Systems;Physics
234,Aditya_234,Deep Learning;Graph Theory;Photography;Web Development
235,Rohan_235,Backend;Cybersecurity;Economics;Frontend;Machine Learning;Web Development
236,Aditya_236,Backend;Blockchain;C++;Java
237,Shreya_237,Backend;C++;Data Structures;Gaming;NLP;Operating Systems;Rust
238,Sarthak_238,Cloud;Computer Vision;Cricket;Finance;Mathematics
239,Arjun_239,Cloud;DevOps;Frontend;JavaScript
240,Rohan_240,Basketball;Cricket;Databases;Deep Learning;Investing;Reading;Web Development
241,Vishal_241,Backend;Cloud;Databases;DevOps;Frontend;Mathematics
242,Suhani_242,Blockchain;Frontend;Networking;Photography;Reading;Writing
243,Vishal_243,Economics;Graph Theory;Hiking;Painting;Writing
244,Yash_244,Algorithms;Cricket;Finance;Investing;Machine Learning;Python;Swimming
245,Kavya_245,Compilers;Computer Vision;Hiking;Java;Rust
246,Yash_246,DevOps;Economics;Music;Networking;Painting
247,Suhani_247,Chemistry;Cybersecurity;Deep Learning;Investing;Java;Python;Swimming
248,Neha_248,Basketball;Biology;C++;Frontend;Graph Theory
249,Tanya_249,Competitive Programming;Data Structures;Economics;Graph Theory;Photography;Physics
250,Amit_250,Algorithms;Cricket;Data Structures;Java;Mathematics
251,Isha_251,Cloud;Databases;DevOps;Painting;Reading
252,Rohan_252,Cricket;Java;Photography;Web Development
253,Suhani_253,Backend;C++;DevOps;Frontend
254,Amit_254,Blockchain;Competitive Programming;Deep Learning;Go;Music
255,Amit_255,Algorithms;Basketball;Databases;DevOps;Swimming;Web Development
256,Simran_256,Algorithms;Cricket;Cybersecurity;Java;NLP;Python
257,Nidhi_257,Algorithms;Go;Hiking;JavaScript
258,Ravi_258,Finance;Frontend;Java;JavaScript;Painting;Photography;Web Development
259,Megha_259,Competitive Programming;Football;Painting;Python;Web Development
260,Neha_260,Biology;Economics;Football;Mathematics
261,Aditya_261,Chemistry;Cricket;DevOps;Music;NLP;Swimming
262,Mansi_262,Chemistry;Competitive Programming;Operating Systems;Swimming;Web Development
263,Rohan_263,Algorithms;Backend;Chemistry;DevOps;Rust;Web Development
264,Ravi_264,Computer Vision;Football;Go;JavaScript;Machine Learning;Operating Systems
265,Simran_265,Algorithms;Cricket;Investing;Java;Mathematics
266,Arjun_266,Biology;Computer Vision;Finance;Operating Systems;Rust
267,Nidhi_267,Chemistry;Cricket;Deep Learning;NLP
268,Nidhi_268,Biology;Chemistry;Compilers;Deep Learning;Football;NLP;Physics
269,Vishal_269,Chemistry;Computer Vision;Databases;DevOps;Hiking;Investing
270,Simran_270,Competitive Programming;Machine Learning;Mathematics;Music;Networking;Photography
271,Vinayak_271,Basketball;Competitive Programming;Data Structures;Finance;Reading;Writing
272,Megha_272,Cloud;Data Structures;Databases;DevOps;Gaming;Writing
273,Ishaan_273,Algorithms;Hiking;Java;JavaScript;Swimming
274,Sneha_274,Backend;Compilers;Graph Theory;Networking
275,Priya_275,Gaming;Graph Theory;Hiking;Networking;Python;Reading;Swimming
276,Rohan_276,Blockchain;Chemistry;Operating Systems;Swimming;Web Development
277,Yash_277,Algorithms;Basketball;Hiking;JavaScript
278,Simran_278,Basketball;Blockchain;Compilers;Databases;Go;Hiking;NLP;Writing
279,Harsh_279,Algorithms;Basketball;Blockchain;Cricket;Deep Learning;Reading;Web Development
280,Nidhi_280,Basketball;Biology;C++;Data Structures;DevOps;Economics;Networking;Swimming
281,Divya_281,Backend;Blockchain;Databases;Java;Rust
282,Vishal_282,Algorithms;Compilers;Finance;Frontend;Investing;Machine Learning
283,Sneha_283,Backend;C++;Databases;Mathematics;Reading
284,Yash_284,Finance;Frontend;Graph Theory;Rust;Writing
285,Priya_285,Basketball;Computer Vision;Data Structures;Frontend;NLP;Swimming
286,Tanya_286,Backend;Compilers;Graph Theory;Machine Learning;Photography;Rust
287,Karan_287,Cloud;Data Structures;DevOps;Painting;Reading;Writing
288,Shreya_288,C++;Databases;DevOps;Mathematics;NLP
289,Vikas_289,Databases;Finance;Machine Learning;Music;Operating Systems;Web Development
290,Isha_290,Algorithms;Competitive Programming;Databases;Deep Learning;Mathematics;Networking;Painting
291,Neha_291,Backend;Cybersecurity;Economics;Frontend;Machine Learning
292,Priya_292,Backend;Biology;Cricket;Hiking;Machine Learning;Networking;Operating Systems;Photography
293,Rahul_293,Backend;Cricket;Economics;Mathematics;Operating Systems
294,Sneha_294,Competitive Programming;Finance;Graph Theory;Writing
295,Isha_295,C++;Chemistry;Databases;JavaScript;Mathematics
296,Megha_296,Hiking;JavaScript;Painting;Photography;Web Development
297,Vishal_297,Basketball;Biology;Chemistry;Cybersecurity;DevOps;Networking;Swimming
298,Megha_298,Deep Learning;Java;JavaScript;Operating Systems;Python;Reading
299,Mansi_299,Deep Learning;Economics;JavaScript;Mathematics;Networking;Photography
300,Rohan_300,Cloud;JavaScript;Painting;Photography;Reading;Web Development
301,Nidhi_301,Economics;Gaming;Music;Networking;Painting
302,Kunal_302,Algorithms;C++;Competitive Programming;Football;Gaming;Web Development
303,Megha_303,Frontend;Go;JavaScript;Painting;Python;Rust
304,Isha_304,Gaming;Hiking;Networking;Python;Rust;Web Development
305,Vinayak_305,Cloud;Compilers;Computer Vision;Cricket;Finance;Physics
306,Vishal_306,Biology;Blockchain;Competitive Programming;Frontend;Networking;Photography;Reading
307,Divya_307,Databases;Finance;Machine Learning;Music;Reading;Web Development
308,Kunal_308,Computer Vision;Databases;Networking;Writing
309,Arjun_309,Backend;C++;Deep Learning;NLP;Operating Systems;Rust;Web Development
310,Megha_310,Finance;Go;JavaScript;Mathematics;Operating Systems;Physics;Rust
311,Nikhil_311,Graph Theory;Machine Learning;Operating Systems;Physics;Web Development
312,Megha_312,Compilers;Databases;Frontend;Java;NLP
313,Aditya_313,Chemistry;Cloud;DevOps;Hiking;Investing;Painting
314,Tanya_314,Computer Vision;Databases;Investing;Writing
315,Neha_315,Biology;Computer Vision;Databases;Investing;Painting
316,Vinayak_316,Cricket;Economics;Gaming;Go;JavaScript;Mathematics;Networking;Photography
317,Atishay_317,Blockchain;Frontend;Gaming;JavaScript;Web Development
318,Isha_318,Biology;Chemistry;Deep Learning;NLP;Physics
319,Kunal_319,Biology;Chemistry;Gaming;Swimming
320,Vikas_320,Chemistry;Cloud;Competitive Programming;Frontend;JavaScript;NLP;Web Development;Writing
321,Priya_321,Backend;Competitive Programming;Computer Vision;Hiking;Photography;Web Development
322,Ravi_322,Basketball;Biology;Chemistry;Competitive Programming;Deep Learning;NLP;Physics
323,Isha_323,Chemistry;Economics;Gaming;Mathematics;Swimming
324,Sarthak_324,Graph Theory;Hiking;Operating Systems;Physics;Swimming;Web Development
325,Shreya_325,Data Structures;Deep Learning;Football;Rust;Writing
326,Nidhi_326,Basketball;Cricket;Deep Learning;Python;Reading;Web Development
327,Sneha_327,Backend;Biology;Cricket;Frontend;Hiking;Operating Systems
328,Pooja_328,Blockchain;Computer Vision;Cricket;Finance;Java;Python
329,Ravi_329,Algorithms;Frontend;Hiking;JavaScript
330,Vishal_330,Gaming;Graph Theory;Python;Reading;Rust
331,Ravi_331,Basketball;C++;Cricket;Finance;Rust;Web Development
332,Harsh_332,Cricket;Cybersecurity;Football;Gaming;Physics
333,Mansi_333,Basketball;Biology;C++;Football;Frontend;Graph Theory;Investing
334,Tanya_334,Algorithms;Basketball;Finance;Football;Investing;Machine Learning
335,Harsh_335,Biology;C++;Football;JavaScript;Operating Systems;Physics
336,Rahul_336,Blockchain;Competitive Programming;Deep Learning;Music
337,Isha_337,Backend;C++;Graph Theory;NLP;Rust;Writing
338,Vikas_338,C++;Computer Vision;Data Structures;DevOps;Economics;Networking
339,Vinayak_339,Computer Vision;Java;Photography;Physics
340,Atishay_340,C++;DevOps;Frontend;JavaScript
341,Karan_341,Computer Vision;Finance;Graph Theory;Rust
342,Karan_342,Backend;C++;Computer Vision;Graph Theory;JavaScript;NLP;Rust
343,Sarthak_343,Algorithms;Machine Learning;NLP;Painting;Photography;Web Development
344,Isha_344,Biology;Blockchain;Chemistry;Deep Learning;NLP;Physics
345,Aditya_345,Basketball;Cricket;Deep Learning;Reading;Web Development
346,Rohan_346,Biology;Chemistry;Operating Systems;Swimming;Web Development
347,Arjun_347,Deep Learning;Finance;Go;Operating Systems;Rust
348,Sarthak_348,C++;Football;Graph Theory;JavaScript;Operating Systems;Physics
349,Tanya_349,Biology;Competitive Programming;Data Structures;Music;Networking;Photography
350,Suhani_350,Basketball;Competitive Programming;Data Structures;Finance;Operating Systems;Reading;Writing
351,Kavya_351,Algorithms;Computer Vision;Cricket;Java;Mathematics
352,Vinayak_352,Cricket;Economics;Football;Mathematics
353,Isha_353,C++;Cloud;JavaScript;Physics;Python;Reading
354,Harsh_354,Backend;Blockchain;C++;NLP;Rust
355,Ravi_355,Competitive Programming;Computer Vision;Gaming;Go;Java;Operating Systems
356,Yash_356,Cloud;Cybersecurity;Databases;Java;NLP;Physics
357,Rohan_357,Cloud;Competitive Programming;Cybersecurity;Economics;NLP;Web Development
358,Sneha_358,Basketball;Computer Vision;Data Structures;Frontend;Mathematics;Painting;Swimming;Writing
359,Arjun_359,Deep Learning;Football;Graph Theory;Photography;Web Development;Writing
360,Pooja_360,Algorithms;Computer Vision;Football;Go;Mathematics;Rust
361,Rahul_361,Chemistry;Competitive Programming;Football;Python;Web Development
362,Kavya_362,Data Structures;DevOps;Frontend;JavaScript
363,Ishaan_363,Algorithms;Biology;Go;Java;JavaScript;Photography
364,Nikhil_364,Basketball;Blockchain;DevOps;Finance;JavaScript;Networking;Swimming
365,Sarthak_365,Algorithms;Backend;Cricket;Java;Mathematics
366,Ananya_366,Algorithms;C++;Go;Java;JavaScript;Photography;Physics
367,Divya_367,Chemistry;Cybersecurity;Databases;Graph Theory;Operating Systems;Physics;Web Development
368,Kavya_368,Algorithms;Cybersecurity;Go;Java;JavaScript;NLP;Painting;Photography
369,Ishaan_369,Basketball;Computer Vision;Cybersecurity;Data Structures;Frontend;NLP;Photography;Swimming
370,Arjun_370,Go;Investing;Java;Painting;Python
371,Divya_371,C++;Football;Graph Theory;Investing;JavaScript;Operating Systems;Physics;Rust
372,Priya_372,Cloud;Data Structures;Gaming;Music;Writing
373,Neha_373,Basketball;C++;Compilers;Databases;Graph Theory;Hiking;Mathematics;Writing
374,Kunal_374,Cricket;Cybersecurity;Graph Theory;JavaScript;Mathematics;Painting
375,Ishaan_375,Blockchain;Go;JavaScript;Operating Systems;Web Development
376,Vishal_376,C++;Competitive Programming;Computer Vision;Go;Java
377,Mansi_377,C++;Computer Vision;Football;Mathematics
378,Pooja_378,C++;Data Structures;Deep Learning;DevOps;Economics;Networking;Physics
379,Shreya_379,Blockchain;C++;Cricket;DevOps;JavaScript;Music
380,Kavya_380,Data Structures;Deep Learning;Football;Rust
381,Kunal_381,Computer Vision;Football;Graph Theory;Mathematics
382,Megha_382,Chemistry;Finance;Go;Mathematics;Operating Systems;Physics
383,Atishay_383,Chemistry;Compilers;Graph Theory;Mathematics;Networking;Writing
384,Sarthak_384,Data Structures;Finance;Graph Theory;Hiking;Painting;Writing
385,Vinayak_385,Blockchain;Competitive Programming;Data Structures;Gaming;Hiking;Java;Painting;Reading
386,Sneha_386,Deep Learning;Football;Hiking;Rust
387,Vinayak_387,C++;Finance;Hiking;JavaScript;Machine Learning
388,Nikhil_388,Basketball;Compilers;Gaming;Java;Reading
389,Amit_389,Biology;Chemistry;Competitive Programming;Deep Learning;JavaScript;NLP;Physics
390,Simran_390,Biology;DevOps;Football;Gaming;Investing;Operating Systems
391,Amit_391,Basketball;Competitive Programming;Computer Vision;Football;Swimming;Writing
392,Ishaan_392,Go;Painting;Photography;Python;Rust
393,Kavya_393,Economics;JavaScript;Mathematics;Networking;Photography;Physics;Rust
394,Vinayak_394,Compilers;Cricket;Databases;Deep Learning;Machine Learning;Painting;Web Development;Writing
395,Suhani_395,Cricket;Cybersecurity;Football;Gaming;Operating Systems
396,Ananya_396,Backend;Biology;C++;NLP;Rust
397,Karan_397,Cloud;Finance;Gaming;Graph Theory;Operating Systems;Writing
398,Aditya_398,C++;Data Structures;DevOps;Economics;JavaScript;Networking
399,Nidhi_399,Cricket;Cybersecurity;Go;Hiking;Mathematics;Physics
400,Rahul_400,Competitive Programming;Cricket;Cybersecurity;Finance;Frontend;Python;Writing
401,Isha_401,Biology;Chemistry;Deep Learning;Frontend;Gaming;NLP;Physics
402,Nidhi_402,Competitive Programming;Data Structures;JavaScript;Music;Networking;Photography;Reading
403,Sneha_403,C++;Cricket;Hiking;Machine Learning;Photography;Swimming
404,Isha_404,Basketball;Databases;DevOps;Finance;Frontend
405,Divya_405,Basketball;Cloud;Cricket;Databases;Hiking;Reading;Rust
406,Amit_406,Go;Painting;Python;Rust
407,Vikas_407,Blockchain;C++;Economics;Web Development
408,Amit_408,Cricket;Cybersecurity;Mathematics;Operating Systems
409,Ananya_409,Basketball;Cloud;Cybersecurity;Deep Learning;Networking;Swimming;Writing
410,Ananya_410,Basketball;Competitive Programming;Hiking;Java;Mathematics;Painting;Reading;Web Development
411,Rahul_411,Chemistry;Operating Systems;Swimming;Web Development
412,Suhani_412,Cricket;Finance;Frontend;Java;Python;Web Development
413,Vinayak_413,Competitive Programming;Football;Photography;Python;Web Development
414,Amit_414,Computer Vision;Football;Mathematics;Operating Systems;Painting
415,Sneha_415,Biology;C++;Mathematics;Music;Physics
416,Ananya_416,Compilers;Deep Learning;Graph Theory;Networking
417,Atishay_417,Computer Vision;Gaming;Hiking;Networking;Python;Rust
418,Pooja_418,Chemistry;Gaming;Go;Graph Theory;Operating Systems;Python;Reading
419,Pooja_419,C++;Data Structures;Graph Theory;NLP;Physics;Writing
420,Yash_420,C++;Competitive Programming;Computer Vision;DevOps;Football;Mathematics;Writing
421,Nikhil_421,Chemistry;Cybersecurity;DevOps;Go;Graph Theory;Music;Swimming
422,Amit_422,Backend;C++;Chemistry;Football;JavaScript;Operating Systems;Physics
423,Kavya_423,Chemistry;Databases;Economics;Gaming;Graph Theory;Networking
424,Mansi_424,Cloud;Compilers;DevOps;Finance;Go;Hiking
425,Ananya_425,Algorithms;Chemistry;Competitive Programming;Gaming;Painting;Web Development
426,Yash_426,C++;Chemistry;Frontend;JavaScript;Music;Web Development
427,Nidhi_427,Cybersecurity;Go;Investing;Machine Learning;Painting;Python
428,Arjun_428,Algorithms;Basketball;Databases;Deep Learning;DevOps;Web Development
429,Kunal_429,Backend;C++;Cloud;Competitive Programming;Football;JavaScript;Operating Systems;Physics
430,Rohan_430,DevOps;Frontend;JavaScript;NLP
431,Arjun_431,Compilers;Data Structures;Gaming;Hiking;Java;Rust;Web Development
432,Rohan_432,Competitive Programming;Compilers;Finance;Go;JavaScript;Web Development
433,Sneha_433,Biology;Cricket;Databases;Go;Hiking;Reading
434,Pooja_434,Chemistry;DevOps;Finance;Music;NLP;Networking;Swimming
435,Karan_435,Blockchain;Cricket;Photography;Web Development
436,Sneha_436,Blockchain;Competitive Programming;Deep Learning;Hiking;Music;Painting
437,Ananya_437,Chemistry;Frontend;Rust;Swimming;Writing
438,Vikas_438,Cybersecurity;Economics;Mathematics;Operating Systems
439,Aditya_439,Chemistry;Computer Vision;Go;Investing;Painting;Python
440,Nidhi_440,Algorithms;Backend;Cricket;Finance;Investing;Machine Learning
441,Megha_441,C++;Cloud;Data Structures;Gaming;Go;Writing
442,Tanya_442,Competitive Programming;Football;Go;Java;Python;Web Development
443,Sarthak_443,Blockchain;Chemistry;Compilers;Cybersecurity;JavaScript;Physics;Rust
444,Sneha_444,Algorithms;DevOps;Machine Learning;Mathematics;Rust;Web Development
445,Isha_445,Basketball;Compilers;Cybersecurity;Databases;Hiking;Rust;Writing
446,Karan_446,Competitive Programming;Economics;Football;Frontend;Mathematics;Networking
447,Yash_447,Cloud;JavaScript;Music;Physics;Python
448,Shreya_448,Basketball;Computer Vision;Data Structures;Frontend;Networking;Painting;Swimming
449,Isha_449,Cricket;Economics;Football;Mathematics;Music
450,Ravi_450,Databases;Go;Painting;Python;Rust
451,Aditya_451,Basketball;Computer Vision;Data Structures;Frontend;Photography;Swimming
452,Vishal_452,Chemistry;Competitive Programming;Computer Vision;Go;Java
453,Atishay_453,Chemistry;Investing;Java;Rust;Swimming;Writing
454,Karan_454,Basketball;Biology;Blockchain;Finance;Hiking;Investing
455,Nikhil_455,Competitive Programming;Go;Java;Painting;Python;Rust
456,Rahul_456,C++;Chemistry;DevOps;Frontend;JavaScript;Networking
457,Atishay_457,Competitive Programming;Cricket;Frontend;Python;Writing
458,Vikas_458,Compilers;Finance;Go;NLP;Physics
459,Ananya_459,Backend;Blockchain;Gaming;Java;Operating Systems
460,Amit_460,Economics;JavaScript;Mathematics;Networking;Photography;Writing
461,Neha_461,Finance;Graph Theory;Web Development;Writing
462,Tanya_462,Algorithms;Chemistry;Machine Learning;NLP;Operating Systems;Painting;Web Development
463,Mansi_463,Algorithms;Biology;Competitive Programming;Cricket;Gaming;NLP
464,Sarthak_464,Backend;C++;Graph Theory;NLP;Python;Rust
465,Megha_465,Cricket;Cybersecurity;Finance;Football;Gaming;Writing
466,Yash_466,Basketball;Biology;Chemistry;Deep Learning;Mathematics;NLP;Physics;Python
467,Isha_467,Basketball;Economics;Finance;Graph Theory;Hiking;Writing
468,Suhani_468,Compilers;Go;Rust;Web Development
469,Suhani_469,Cricket;Cybersecurity;Mathematics
470,Ravi_470,Basketball;Biology;C++;Frontend;Gaming
471,Nidhi_471,Backend;Blockchain;Competitive Programming;Java;Web Development
472,Harsh_472,Compilers;Graph Theory;Hiking;Music;Networking
473,Harsh_473,Compilers;Go;Python;Web Development
474,Suhani_474,Blockchain;Data Structures;Gaming;Graph Theory;Writing
475,Tanya_475,Go;Investing;JavaScript;Operating Systems
476,Suhani_476,Blockchain;Cybersecurity;Databases;Finance;Java;Machine Learning
477,Arjun_477,Blockchain;Computer Vision;Frontend;Graph Theory;Networking;Photography;Reading
478,Shreya_478,Chemistry;Deep Learning;DevOps;Graph Theory;Hiking;NLP
479,Nikhil_479,Compilers;Data Structures;Databases;Machine Learning;Painting;Web Development
480,Kunal_480,Chemistry;Computer Vision;Cybersecurity;DevOps;Gaming;Mathematics;Photography
481,Arjun_481,Basketball;DevOps;Finance;Writing
482,Ravi_482,Backend;Computer Vision;Gaming;Graph Theory;Photography;Python;Reading
483,Priya_483,Basketball;Competitive Programming;Computer Vision;Football;Go;Swimming
484,Isha_484,Go;Networking;Painting;Python;Rust
485,Kunal_485,C++;Data Structures;DevOps;Economics;Networking;Photography
486,Simran_486,Deep Learning;Finance;Go;JavaScript;Rust;Writing
487,Arjun_487,Cloud;Databases;Football;JavaScript;Physics;Python
488,Nidhi_488,Finance;Graph Theory;Hiking;Writing
489,Ananya_489,Computer Vision;Finance;Go;Rust
490,Neha_490,Chemistry;Cloud;DevOps;Football;Python
491,Nikhil_491,Backend;Gaming;Graph Theory;Machine Learning;NLP;Photography;Python
492,Megha_492,Economics;Music;Networking;Painting;Writing
493,Vinayak_493,Basketball;Competitive Programming;DevOps;Graph Theory;Hiking;Painting;Writing
494,Sarthak_494,Chemistry;Compilers;Graph Theory;Mathematics;Networking;Swimming
495,Suhani_495,Economics;Football;Go;Mathematics;Operating Systems;Photography;Physics
496,Divya_496,Cricket;Cybersecurity;Databases;Hiking;Python;Reading
497,Suhani_497,Blockchain;Cricket;Databases;Finance;Java
498,Kunal_498,Chemistry;Gaming;Graph Theory;Networking;Rust
499,Aditya_499,Backend;Cybersecurity;Data Structures;Economics;Frontend;Machine Learning
500,Aditya_500,C++;Competitive Programming;Mathematics;Physics
501,Harsh_501,Competitive Programming;Economics;Football;Python;Web Development
502,Shreya_502,Basketball;Biology;Blockchain;Finance;Frontend;Hiking;Physics
503,Vinayak_503,Competitive Programming;Finance;Go;JavaScript
504,Shreya_504,Chemistry;Compilers;Frontend;JavaScript;Music;Networking;Physics;Rust
505,Ananya_505,Economics;Football;Gaming;JavaScript;Mathematics;Networking;Photography;Python
506,Simran_506,Blockchain;Cybersecurity;Football;Graph Theory;Web Development
507,Ananya_507,Basketball;Cricket;Data Structures;Investing;JavaScript;Painting
508,Harsh_508,Algorithms;DevOps;Football;Rust;Web Development
509,Rahul_509,Cloud;Computer Vision;Cricket;Cybersecurity;Finance;Rust;Swimming
510,Amit_510,Basketball;Competitive Programming;Computer Vision;Football;Java;Rust;Swimming
511,Ishaan_511,Frontend;Hiking;Java;JavaScript
512,Sneha_512,Computer Vision;Cybersecurity;Hiking;Photography;Web Development
513,Amit_513,Compilers;Graph Theory;Networking;Writing
514,Yash_514,Biology;Deep Learning;Frontend;Investing;Java;Python;Writing
515,Kunal_515,Compilers;Machine Learning;Photography
516,Simran_516,Backend;Computer Vision;Football;Mathematics;Writing
517,Rahul_517,Blockchain;Computer Vision;Cricket;Hiking;Photography;Web Development
518,Yash_518,Compilers;Computer Vision;Gaming;Go;Machine Learning;Mathematics
519,Pooja_519,C++;Cloud;Compilers;Graph Theory
520,Ananya_520,Cloud;Competitive Programming;Cybersecurity;NLP;Reading
521,Rahul_521,Chemistry;Competitive Programming;Cricket;Cybersecurity;Football;Gaming
522,Sneha_522,Football;Gaming;Graph Theory;Hiking;Painting;Writing
523,Suhani_523,Economics;Investing;Music;Painting;Physics
524,Simran_524,Backend;Basketball;Biology;C++;Frontend
525,Tanya_525,Compilers;Hiking;Java;Rust
526,Kunal_526,Basketball;Compilers;Data Structures;Databases;Hiking;Rust;Writing
527,Shreya_527,Algorithms;Deep Learning;Frontend;Photography;Python;Reading
528,Vikas_528,Chemistry;Operating Systems;Python;Swimming;Web Development
529,Sarthak_529,Computer Vision;DevOps;Java;Photography;Physics
530,Ishaan_530,DevOps;Economics;Football;Mathematics;Web Development
531,Sneha_531,Algorithms;Cricket;Data Structures;Finance;Investing;Machine Learning;Python
532,Simran_532,Basketball;C++;Cricket;Deep Learning;DevOps;Operating Systems;Reading;Web Development
533,Yash_533,Compilers;Data Structures;Databases;Finance;Go;NLP;Physics;Swimming
534,Mansi_534,Competitive Programming;Cricket;Frontend;Go;Python;Writing
535,Suhani_535,Chemistry;Deep Learning;Music;NLP;Python
536,Amit_536,Biology;Deep Learning;Frontend;Hiking;Python;Writing
537,Divya_537,Cloud;Computer Vision;Data Structures;Java;Photography;Physics;Python
538,Ishaan_538,Cricket;Economics;Go;JavaScript;Physics;Swimming
539,Aditya_539,Backend;Competitive Programming;Cricket;Frontend;Python;Writing
540,Rahul_540,Chemistry;Compilers;Graph Theory;Mathematics;Networking;Reading
541,Atishay_541,Algorithms;Blockchain;Gaming;Hiking;Investing;JavaScript
542,Yash_542,Algorithms;Finance;Hiking;JavaScript;Painting;Swimming
543,Pooja_543,Economics;Go;JavaScript;NLP;Physics
544,Suhani_544,Compilers;Databases;Economics;Machine Learning;Painting;Web Development
545,Vishal_545,Algorithms;Blockchain;Frontend;Mathematics;Networking;Photography;Reading
546,Vishal_546,Algorithms;Go;Java;JavaScript;Photography
547,Harsh_547,Biology;Chemistry;Deep Learning;Football;Photography;Rust
548,Mansi_548,Graph Theory;Operating Systems;Physics;Web Development
549,Suhani_549,Chemistry;Gaming;Music;Swimming;Writing
550,Arjun_550,Cricket;NLP;Photography;Web Development
551,Ananya_551,Backend;Football;Networking;Operating Systems;Painting
552,Aditya_552,Competitive Programming;Finance;Investing;Machine Learning;Music;Swimming;Web Development
553,Ishaan_553,Biology;Competitive Programming;Graph Theory;Hiking;Photography;Physics
554,Rahul_554,Deep Learning;Economics;Frontend;JavaScript;Mathematics;Networking;Photography;Reading
555,Divya_555,DevOps;Frontend;JavaScript;Mathematics;Physics;Web Development
556,Sarthak_556,Compilers;Cybersecurity;Economics;Go;JavaScript;Physics
557,Shreya_557,Blockchain;Frontend;Gaming;Java;Machine Learning;Networking;Photography;Reading
558,Sneha_558,Chemistry;Compilers;Computer Vision;Graph Theory;Mathematics;Networking;Writing
559,Harsh_559,Competitive Programming;DevOps;Hiking;Java;Painting;Reading
560,Arjun_560,Basketball;Cloud;Computer Vision;Cricket;Finance
561,Simran_561,Computer Vision;Databases;Mathematics;Writing
562,Tanya_562,Competitive Programming;Data Structures;Finance;Go;JavaScript;Painting;Physics
563,Ravi_563,Compilers;Deep Learning;Finance;Go;NLP;Physics
564,Sneha_564,Blockchain;Cloud;Data Structures;Deep Learning;Gaming;Music;Writing
565,Kunal_565,Backend;DevOps;Economics;Frontend;Java;Reading
566,Isha_566,Biology;Cloud;Competitive Programming;Cybersecurity;Hiking;NLP;Operating Systems
567,Priya_567,C++;Chemistry;JavaScript;Music;Reading;Rust
568,Vikas_568,Biology;DevOps;Economics;JavaScript;Mathematics;Networking;Photography
569,Aditya_569,Chemistry;Economics;Go;Operating Systems;Writing
570,Aditya_570,Cloud;Competitive Programming;Cricket;Databases;Frontend;Physics;Python;Writing
571,Mansi_571,Computer Vision;Cricket;Investing;JavaScript;Painting;Python
572,Tanya_572,Algorithms;Competitive Programming;Cricket;Finance
573,Vikas_573,Algorithms;Backend;Machine Learning;Mathematics;NLP;Painting;Web Development
574,Harsh_574,Biology;Competitive Programming;Finance;Go;JavaScript;Mathematics;Operating Systems
575,Vishal_575,Cloud;DevOps;Investing;Machine Learning;Painting;Reading
576,Rahul_576,Algorithms;Biology;Competitive Programming;Computer Vision;Deep Learning;Frontend;Python;Writing
577,Aditya_577,Chemistry;Cloud;Data Structures;Gaming;Machine Learning;Swimming;Writing
578,Atishay_578,Compilers;Finance;Go;Investing;NLP;Networking;Photography;Physics
579,Amit_579,C++;Football;JavaScript;Operating Systems;Physics;Swimming
580,Tanya_580,Compilers;Computer Vision;Cricket;Finance;Java;Python
581,Divya_581,Computer Vision;Economics;Hiking;JavaScript;Mathematics;Networking;Photography
582,Vinayak_582,Cricket;Hiking;Investing;JavaScript;Operating Systems;Painting
583,Vishal_583,Algorithms;C++;Cricket;DevOps;Java;Mathematics
584,Vinayak_584,Go;Painting;Python;Rust
585,Mansi_585,DevOps;Finance;Machine Learning;Music;Web Development
586,Sarthak_586,Biology;Chemistry;Cloud;DevOps;Networking;Python
587,Rahul_587,Backend;Basketball;Compilers;Cybersecurity;Databases;Hiking;Writing
588,Shreya_588,Basketball;C++;Cricket;Cybersecurity;Mathematics
589,Neha_589,Compilers;Databases;Hiking;Java;Music;Rust
590,Pooja_590,Algorithms;Biology;Computer Vision;Databases;Swimming;Writing
591,Isha_591,Backend;Computer Vision;DevOps;Finance;Reading;Rust
592,Mansi_592,Blockchain;Databases;Finance;Java;NLP;Physics
593,Kunal_593,Data Structures;Graph Theory;Networking;Writing
594,Arjun_594,C++;Competitive Programming;Cricket;Frontend;Python;Writing
595,Isha_595,Deep Learning;Economics;Machine Learning;Mathematics;Operating Systems
596,Harsh_596,Computer Vision;Football;Mathematics
597,Aditya_597,Cloud;Competitive Programming;Football;Music;Networking;Photography
598,Kunal_598,Basketball;Competitive Programming;Music;Networking;Photography;Web Development
599,Ravi_599,Backend;Basketball;Biology;C++;Frontend
600,Nikhil_600,Go;Investing;Mathematics;Painting;Python;Rust
601,Kunal_601,Backend;Basketball;Gaming;NLP;Photography;Python;Swimming
602,Priya_602,Algorithms;Compilers;Go;Java;JavaScript;Networking;Photography
603,Karan_603,Algorithms;Chemistry;NLP;Rust;Swimming;Writing
604,Sarthak_604,Data Structures;Go;Hiking;Investing;Reading
605,Amit_605,Chemistry;JavaScript;Rust;Swimming;Writing
606,Nikhil_606,Biology;Chemistry;Deep Learning;Mathematics;NLP;Physics
607,Tanya_607,Basketball;Cybersecurity;DevOps;Networking;Rust;Swimming
608,Megha_608,Backend;C++;Java;NLP;Rust;Web Development
609,Rahul_609,Backend;Deep Learning;Frontend;Photography;Python;Reading;Swimming
610,Nikhil_610,Backend;C++;NLP;Operating Systems;Rust
611,Karan_611,C++;Cloud;Data Structures;Gaming;Graph Theory;Writing
612,Pooja_612,C++;Competitive Programming;Music;Networking;Photography
613,Aditya_613,Basketball;Computer Vision;Java;Operating Systems;Photography;Physics;Python
614,Megha_614,Backend;Basketball;Cricket;Finance;Java;Operating Systems;Rust;Web Development
615,Atishay_615,Competitive Programming;Computer Vision;Gaming;Hiking;NLP;Networking;Python;Rust
616,Atishay_616,Blockchain;Cloud;Computer Vision;Cricket;Finance
617,Harsh_617,Graph Theory;Hiking;NLP;Painting;Writing
618,Rahul_618,C++;Cricket;Hiking;Machine Learning;Reading
619,Kavya_619,Basketball;Cloud;Cricket;Cybersecurity;Football;Gaming;Investing
620,Kunal_620,Cloud;Competitive Programming;Computer Vision;Cricket;Finance
621,Neha_621,Finance;Go;Mathematics;Operating Systems;Physics
622,Nikhil_622,Backend;Cricket;Investing;JavaScript;Painting;Web Development
623,Mansi_623,Cloud;DevOps;Finance;Go;Hiking
624,Pooja_624,Basketball;Competitive Programming;Cricket;Frontend;Python;Writing
625,Pooja_625,Go;Investing;Machine Learning;Painting;Python;Reading
626,Vikas_626,Basketball;Chemistry;Cloud;Competitive Programming;Compilers;Frontend;NLP
627,Ishaan_627,Chemistry;Computer Vision;Data Structures;DevOps;Gaming;Mathematics;Swimming
628,Rahul_628,Cricket;Databases;Hiking;Mathematics;Reading
629,Amit_629,Competitive Programming;Data Structures;Hiking;Java;Painting;Reading
630,Rahul_630,C++;Cloud;Compilers;Graph Theory
631,Vinayak_631,Basketball;Go;Mathematics;Music;Operating Systems;Physics
632,Amit_632,Cricket;Deep Learning;Football;Networking;Photography;Web Development
633,Kunal_633,Databases;Gaming;Hiking;Networking;Python;Rust
634,Sneha_634,Compilers;Databases;Deep Learning;Football;Machine Learning;Painting;Rust;Web Development
635,Megha_635,Deep Learning;Gaming;Go;Graph Theory;Java
636,Atishay_636,Basketball;Competitive Programming;Data Structures;Finance;Web Development;Writing
637,Amit_637,Deep Learning;Graph Theory;Java;Machine Learning;NLP
638,Rohan_638,Biology;Compilers;Computer Vision;Go;Machine Learning;Mathematics;Reading
639,Megha_639,Basketball;Chemistry;Deep Learning;Football;NLP
640,Vishal_640,Cloud;Compilers;Deep Learning;Football;Mathematics;Rust
641,Tanya_641,C++;Cricket;Cybersecurity;Deep Learning;Hiking;Machine Learning;Networking
642,Atishay_642,C++;Economics;Frontend;JavaScript;Music
643,Tanya_643,Backend;Blockchain;Go;Investing;Java;Python
644,Vinayak_644,Chemistry;Cloud;Compilers;Go;Investing;Web Development
645,Vikas_645,Finance;Football;Graph Theory;Networking;Operating Systems;Physics;Web Development
646,Ravi_646,Algorithms;Chemistry;Compilers;Hiking;Java;JavaScript
647,Isha_647,Basketball;Cybersecurity;Football;Networking;Swimming
648,Tanya_648,Chemistry;Go;JavaScript;Operating Systems
649,Pooja_649,Go;Mathematics;Operating Systems;Physics
650,Tanya_650,Basketball;Blockchain;DevOps;Finance
651,Rahul_651,Competitive Programming;Compilers;Databases;Machine Learning;Painting;Web Development
652,Simran_652,Blockchain;Economics;Finance;Go;JavaScript;Physics
653,Neha_653,Hiking;Java;JavaScript
654,Aditya_654,Chemistry;Gaming;Graph Theory;Mathematics;Networking
655,Nikhil_655,Basketball;Biology;Competitive Programming;Data Structures;Finance;Writing
656,Simran_656,Algorithms;Deep Learning;Finance;Go;Rust
657,Karan_657,Compilers;Cybersecurity;Graph Theory;NLP;Python;Web Development
658,Kavya_658,Backend;C++;DevOps;JavaScript;Music;NLP
659,Pooja_659,Blockchain;Cloud;Computer Vision;Cricket;Finance;Gaming
660,Karan_660,Algorithms;Backend;C++;Cloud;Compilers;Swimming
661,Divya_661,Cybersecurity;Gaming;Java;NLP;Web Development
662,Amit_662,Chemistry;Cloud;Competitive Programming;Frontend;NLP
663,Rahul_663,Biology;Cricket;Finance;Java;Python
664,Priya_664,Competitive Programming;Cricket;Football;Python;Rust;Web Development;Writing
665,Yash_665,Cricket;Photography;Swimming;Web Development
666,Divya_666,Biology;C++;Cloud;Compilers;Data Structures
667,Atishay_667,Biology;Cloud;Competitive Programming;Graph Theory;Photography;Physics
668,Rohan_668,Biology;Chemistry;Deep Learning;NLP;Operating Systems;Physics
669,Mansi_669,Compilers;Data Structures;Graph Theory;Rust;Writing
670,Vikas_670,Backend;Cricket;Gaming;NLP;Photography;Python
671,Pooja_671,Cricket;Databases;Hiking;NLP;Operating Systems;Reading;Web Development
672,Priya_672,Chemistry;Cloud;Competitive Programming;Frontend;NLP;Painting
673,Neha_673,Basketball;Compilers;Cricket;Databases;Hiking;Writing
674,Simran_674,Compilers;Deep Learning;Finance;Go;Rust
675,Kavya_675,Deep Learning;Frontend;Machine Learning;Photography;Python;Reading
676,Suhani_676,Chemistry;Cloud;Competitive Programming;Frontend;JavaScript;Mathematics;NLP;Physics
677,Kavya_677,Cloud;Computer Vision;Cricket;Finance;Gaming;JavaScript
678,Nidhi_678,Cloud;Data Structures;Gaming;JavaScript;Writing
679,Vikas_679,Basketball;Blockchain;Finance;Networking;Python;Swimming
680,Simran_680,Algorithms;Competitive Programming;Finance;Go;JavaScript;Music
681,Kavya_681,C++;Data Structures;DevOps;Economics;Networking;Reading
682,Neha_682,Cricket;Databases;Hiking;Operating Systems;Reading
683,Harsh_683,Algorithms;Blockchain;Cricket;Deep Learning;Java;Mathematics;Python
684,Ananya_684,Databases;Go;JavaScript;Operating Systems
685,Megha_685,Chemistry;Computer Vision;DevOps;Hiking;Investing
686,Priya_686,DevOps;Finance;Football;Graph Theory;Python
687,Amit_687,Biology;Deep Learning;Football;Frontend;Painting;Python;Writing
688,Rahul_688,Chemistry;Compilers;DevOps;JavaScript;Physics;Rust
689,Nidhi_689,Algorithms;Competitive Programming;Cricket;Mathematics;Photography
690,Pooja_690,C++;Chemistry;Computer Vision;Data Structures;DevOps;Economics;Networking
691,Megha_691,Backend;Football;NLP;Networking;Operating Systems;Painting
692,Vinayak_692,Biology;Computer Vision;Football;Mathematics;Reading
693,Ravi_693,Cricket;Hiking;Java;JavaScript
694,Megha_694,Blockchain;Economics;Frontend;JavaScript;Web Development
695,Neha_695,Blockchain;Cloud;Cybersecurity;Hiking;Java;NLP
696,Megha_696,Finance;Graph Theory;Operating Systems;Writing
697,Arjun_697,Basketball;Biology;Blockchain;Finance;Hiking;Photography
698,Simran_698,Chemistry;DevOps;Hiking;Investing;Writing
699,Rahul_699,Blockchain;Databases;Finance;Football;Java;JavaScript;NLP
700,Megha_700,Blockchain;Investing;Java;Music;Painting;Physics
701,Arjun_701,Algorithms;C++;Finance;Investing;Machine Learning
702,Suhani_702,Computer Vision;Data Structures;Databases;Python;Writing
703,Sneha_703,Backend;Blockchain;Databases;Finance;Java
704,Kavya_704,Competitive Programming;Computer Vision;Music;Networking;Photography
705,Harsh_705,Frontend;Gaming;Java;JavaScript;Photography;Reading
706,Kunal_706,Data Structures;Economics;Frontend;Go;Hiking;Reading
707,Nidhi_707,Economics;Football;Graph Theory;Mathematics
708,Megha_708,Competitive Programming;DevOps;Football;Operating Systems;Painting;Python;Web Development
709,Suhani_709,Algorithms;Biology;Cricket;Graph Theory;Java;Mathematics;Operating Systems
710,Priya_710,Biology;Cloud;Deep Learning;Frontend;Physics;Python;Writing
711,Isha_711,Compilers;Data Structures;Deep Learning;Graph Theory;Photography;Web Development
712,Isha_712,Blockchain;Economics;Web Development
713,Sneha_713,Deep Learning;Football;Rust;Swimming
714,Rahul_714,Algorithms;Blockchain;Computer Vision;Football;Mathematics;Writing
715,Sneha_715,Blockchain;Cloud;Frontend;Networking;Photography;Reading
716,Shreya_716,Algorithms;Basketball;Databases;DevOps;Machine Learning;Web Development
717,Karan_717,Cloud;Cricket;Finance;Networking;Photography;Web Development
718,Priya_718,Competitive Programming;Football;Photography;Python;Web Development
719,Ravi_719,Cloud;Computer Vision;Cricket;Finance;Networking
720,Shreya_720,C++;Compilers;Hiking;Java;Networking;Rust
721,Yash_721,Compilers;Computer Vision;Go;Graph Theory;Machine Learning;Mathematics
722,Neha_722,DevOps;Go;Mathematics;Operating Systems;Physics;Python;Reading
723,Suhani_723,Chemistry;Deep Learning;Investing;Java;Machine Learning;Operating Systems;Rust;Swimming
724,Megha_724,Competitive Programming;Football;Mathematics;Python;Reading;Web Development
725,Kunal_725,Finance;JavaScript;Painting;Photography;Web Development
726,Karan_726,Chemistry;Compilers;Hiking;JavaScript;Physics;Rust
727,Sneha_727,Algorithms;Chemistry;Compilers;Graph Theory;Mathematics;Networking;Physics
728,Megha_728,Algorithms;Backend;Basketball;Compilers;Databases;Hiking;Writing
729,Kunal_729,Blockchain;Computer Vision;Databases;Finance;Swimming;Writing
730,Tanya_730,C++;Cricket;Hiking;Machine Learning;Mathematics;Physics
731,Neha_731,Backend;Blockchain;Frontend;JavaScript;Networking;Web Development
732,Divya_732,Blockchain;DevOps;Finance;Football;Graph Theory
733,Suhani_733,Data Structures;Frontend;Graph Theory;Writing
734,Amit_734,Algorithms;Competitive Programming;Databases;Mathematics;Networking
735,Tanya_735,Investing;Music;Painting;Physics
736,Sneha_736,Computer Vision;Football;Investing;Mathematics;Web Development
737,Atishay_737,Biology;Cloud;Football;Gaming;Investing;Operating Systems
738,Sneha_738,Chemistry;DevOps;Hiking;Investing;Machine Learning
739,Pooja_739,Computer Vision;Cricket;Deep Learning;Football;Gaming;Mathematics
740,Rohan_740,Basketball;Cloud;DevOps;Finance;Go
741,Vikas_741,Blockchain;Cricket;Cybersecurity;Football;Gaming
742,Rohan_742,Algorithms;Basketball;Databases;DevOps;Graph Theory;Operating Systems;Swimming;Web Development
743,Ravi_743,Go;Investing;Painting;Python;Web Development
744,Nikhil_744,Cybersecurity;Economics;Graph Theory;Web Development
745,Aditya_745,Backend;Blockchain;Databases;Finance;Java;Rust;Writing
746,Kavya_746,Competitive Programming;Computer Vision;Cricket;Frontend;Operating Systems;Python;Writing
747,Pooja_747,Algorithms;C++;Cricket;Deep Learning;Hiking;Java;Machine Learning
748,Harsh_748,Basketball;Blockchain;Computer Vision;Finance;Networking;Swimming;Web Development
749,Ravi_749,Biology;Competitive Programming;Compilers;Computer Vision;DevOps;Go;Java
750,Simran_750,Blockchain;Cloud;Compilers;DevOps;Painting;Reading
751,Yash_751,Compilers;Football;Go;Web Development
752,Divya_752,Backend;Biology;Cricket;Hiking;Networking;Operating Systems
753,Aditya_753,Blockchain;Computer Vision;Football;Mathematics;Writing
754,Vikas_754,Deep Learning;Finance;Go;Mathematics;Operating Systems;Rust
755,Divya_755,C++;Cloud;Compilers;Go;Mathematics
756,Ishaan_756,Basketball;Biology;Blockchain;Finance;Gaming;Hiking
757,Nikhil_757,Basketball;Chemistry;Frontend;Rust;Swimming;Writing
758,Ishaan_758,Computer Vision;Football;Mathematics;Swimming
759,Kavya_759,Algorithms;DevOps;Python;Rust;Swimming;Web Development
760,Vishal_760,C++;Databases;Java;Mathematics;Reading
761,Vikas_761,Computer Vision;Economics;Football;Mathematics;Writing
762,Megha_762,Blockchain;Cricket;Go;Mathematics;Operating Systems;Physics;Python
763,Sneha_763,Basketball;Compilers;Finance;Go;Web Development
764,Priya_764,Finance;Graph Theory;Investing;Writing
765,Karan_765,Backend;DevOps;Frontend;Web Development
766,Ishaan_766,Competitive Programming;Databases;Football;Python;Web Development
767,Nikhil_767,Cricket;DevOps;Investing;JavaScript;Painting
768,Ravi_768,Backend;DevOps;Frontend;JavaScript;Python
769,Neha_769,C++;Economics;Hiking;JavaScript;Music;Python
770,Nikhil_770,C++;Chemistry;Java;Rust;Swimming;Writing
771,Harsh_771,Algorithms;Compilers;Cricket;Deep Learning;Go;Java;JavaScript;Photography
772,Suhani_772,Biology;C++;Compilers;Mathematics;Physics;Writing
773,Tanya_773,C++;Data Structures;DevOps;Economics;Networking;Operating Systems
774,Harsh_774,Biology;Computer Vision;Deep Learning;Java;JavaScript;Operating Systems;Python
775,Arjun_775,Algorithms;Competitive Programming;Databases;Mathematics;Networking
776,Amit_776,Biology;Chemistry;Cricket;Deep Learning;NLP;Physics
777,Amit_777,Chemistry;DevOps;Football;Hiking;Investing
778,Megha_778,Backend;Blockchain;Economics;Web Development
779,Atishay_779,Backend;Competitive Programming;Football;Hiking;Java;Painting;Physics;Reading
780,Simran_780,Cricket;Finance;Java;Python
781,Tanya_781,C++;Frontend;Mathematics;Physics;Python;Writing
782,Sarthak_782,Algorithms;Competitive Programming;Compilers;Gaming;Rust;Web Development
783,Ravi_783,Basketball;Biology;Chemistry;Deep Learning;NLP;Physics
784,Ishaan_784,Cricket;Databases;Hiking;Reading;Swimming
785,Ishaan_785,Biology;Football;Gaming;Hiking;Investing;Operating Systems
786,Kavya_786,Cloud;DevOps;NLP;Painting;Python;Reading
787,Rohan_787,Frontend;Go;Mathematics;Operating Systems;Physics
788,Nikhil_788,C++;Finance;Hiking;Machine Learning;Web Development
789,Yash_789,C++;Data Structures;JavaScript;Machine Learning;Music;Physics
790,Nikhil_790,C++;Cloud;Compilers;Reading;Swimming
791,Rohan_791,Basketball;Competitive Programming;Compilers;Data Structures;Finance;Writing
792,Neha_792,C++;Cricket;DevOps;Football;Hiking;Machine Learning
793,Arjun_793,C++;Competitive Programming;Deep Learning;JavaScript;Music;Photography
794,Isha_794,Blockchain;Cloud;Gaming;Java;Reading
795,Megha_795,Algorithms;Finance;Investing;Machine Learning;Networking
796,Ananya_796,Compilers;Gaming;JavaScript;Machine Learning;Photography
797,Simran_797,Cricket;Databases;Finance;Java;Python
798,Neha_798,Chemistry;Cloud;Economics;Go;Writing
799,Neha_799,Algorithms;Hiking;JavaScript;Operating Systems
800,Arjun_800,Basketball;Economics;JavaScript;Mathematics;Networking;Photography;Writing
801,Sneha_801,Blockchain;Data Structures;Finance;Frontend;JavaScript;NLP;Web Development
802,Kunal_802,Computer Vision;Deep Learning;Frontend;Photography;Python;Reading
803,Kunal_803,Basketball;Blockchain;Finance;Networking;Reading;Swimming
804,Yash_804,Databases;Finance;Graph Theory;Writing
805,Vikas_805,Gaming;Graph Theory;JavaScript;Python;Reading;Swimming
806,Priya_806,Biology;Cloud;Football;Gaming;Investing;Machine Learning;Operating Systems
807,Sarthak_807,Backend;Blockchain;Data Structures;Java
808,Kunal_808,Algorithms;Computer Vision;Economics;Football;Mathematics;Writing
809,Isha_809,Algorithms;C++;Competitive Programming;Databases;Mathematics;Networking
810,Ravi_810,Competitive Programming;Deep Learning;Football;Rust
811,Ishaan_811,Economics;Finance;Machine Learning;Music;Web Development
812,Simran_812,Biology;Blockchain;Cloud;Economics;Frontend;JavaScript;Web Development
813,Arjun_813,Backend;Basketball;C++;Investing;NLP;Rust
814,Vinayak_814,Chemistry;Football;Java;Networking;Operating Systems;Physics;Python
815,Megha_815,Backend;C++;Economics;Mathematics;NLP;Rust;Web Development
816,Isha_816,Deep Learning;Graph Theory;Java;Reading
817,Sarthak_817,Algorithms;Chemistry;Compilers;Cybersecurity;Graph Theory;Mathematics;Music;Networking
818,Harsh_818,C++;Competitive Programming;Cricket;Go;Hiking;Machine Learning
819,Pooja_819,Backend;Chemistry;Computer Vision;DevOps;Gaming;Investing;Mathematics;Swimming
820,Suhani_820,Competitive Programming;Computer Vision;Finance;Rust
821,Atishay_821,Chemistry;Computer Vision;Gaming;Python;Swimming
822,Yash_822,Compilers;Finance;Football;Go;NLP;Painting;Physics
823,Kunal_823,C++;Cricket;Go;Hiking;Machine Learning
824,Harsh_824,Basketball;Cybersecurity;Music;Networking;Python;Swimming
825,Aditya_825,Blockchain;Deep Learning;DevOps;Finance;Go;Rust
826,Mansi_826,C++;Java;JavaScript;Music
827,Vikas_827,Cricket;Databases;Economics;Gaming;JavaScript;Mathematics;Networking;Photography
828,Arjun_828,Cloud;Competitive Programming;Cybersecurity;Music;NLP
829,Pooja_829,Blockchain;Competitive Programming;Computer Vision;Go;Java;Physics
830,Rahul_830,Computer Vision;Finance;Gaming;Operating Systems;Painting;Web Development
831,Sneha_831,Biology;Compilers;Computer Vision;Go;Machine Learning;Mathematics
832,Tanya_832,Blockchain;Gaming;Graph Theory;Python;Reading;Writing
833,Aditya_833,Cloud;Data Structures;Gaming;Mathematics;Writing
834,Simran_834,Basketball;Cybersecurity;Databases;Finance;Mathematics;Networking;Swimming
835,Vinayak_835,Backend;Blockchain;Cybersecurity;Economics;Frontend;Machine Learning
836,Ishaan_836,Deep Learning;DevOps;Finance;Football;Graph Theory;Writing
837,Vikas_837,Graph Theory;Hiking;Painting;Writing
838,Neha_838,Gaming;Hiking;JavaScript;Networking;Python;Rust
839,Kavya_839,Algorithms;Basketball;Competitive Programming;Databases;Hiking;Mathematics;Networking;Writing
840,Sneha_840,C++;Computer Vision;Football;Mathematics;NLP;Writing
841,Rohan_841,Cricket;Databases;Hiking;Investing;Mathematics;Reading
842,Kavya_842,C++;Compilers;Gaming;Hiking;Java;Rust;Swimming
843,Kunal_843,Backend;Biology;Cricket;Databases;Hiking;Operating Systems
844,Harsh_844,C++;Data Structures;DevOps;Economics;Gaming;Networking
845,Harsh_845,Algorithms;Finance;Investing;Machine Learning;Networking;Writing
846,Aditya_846,Backend;Gaming;Machine Learning;NLP;Photography;Python
847,Rahul_847,Competitive Programming;Computer Vision;Data Structures;Go;Java
848,Aditya_848,Chemistry;Cricket;Deep Learning;Investing;Java;Photography;Swimming
849,Sarthak_849,Algorithms;Competitive Programming;Gaming;Photography;Web Development
850,Arjun_850,Cloud;Compilers;Go;Java;Web Development
851,Nikhil_851,Cybersecurity;Java;NLP;Painting
852,Simran_852,Blockchain;Databases;Finance;Gaming;Java
853,Isha_853,Gaming;Java;Networking;Reading
854,Megha_854,Frontend;Gaming;Graph Theory;NLP;Python;Reading
855,Ananya_855,Deep Learning;Economics;Graph Theory;Hiking;Java
856,Vikas_856,C++;Cloud;Computer Vision;DevOps;Economics;Finance;Go;Hiking
857,Sneha_857,Blockchain;Chemistry;Competitive Programming;Deep Learning;Painting
858,Sarthak_858,DevOps;Finance;Football;Graph Theory;Swimming
859,Mansi_859,Cloud;Computer Vision;Java;Photography;Physics;Web Development
860,Harsh_860,Cricket;Cybersecurity;Economics;Investing;Mathematics;Reading
861,Suhani_861,C++;Compilers;Cricket;Frontend;Hiking;Machine Learning;Swimming
862,Arjun_862,Basketball;Cricket;Deep Learning;Finance;Rust;Web Development
863,Neha_863,Algorithms;Go;Java;JavaScript;Photography
864,Rohan_864,DevOps;Finance;Football;Graph Theory;JavaScript
865,Mansi_865,Basketball;Biology;Blockchain;Chemistry;Finance;Hiking;Operating Systems
866,Atishay_866,Chemistry;Cloud;DevOps;Painting;Reading;Rust
867,Divya_867,Competitive Programming;Graph Theory;Hiking;NLP;Photography;Physics
868,Arjun_868,Computer Vision;Deep Learning;Finance;Go;Rust
869,Neha_869,Chemistry;Computer Vision;DevOps;Finance;Gaming;Mathematics
870,Simran_870,Backend;Cybersecurity;Economics;Frontend;Machine Learning
871,Priya_871,Chemistry;Cloud;Computer Vision;Cricket;Finance
872,Yash_872,Backend;Biology;Cricket;Economics;Hiking;Machine Learning;Operating Systems
873,Neha_873,Biology;Blockchain;Chemistry;Machine Learning;Operating Systems;Swimming;Web Development
874,Vikas_874,Competitive Programming;Cybersecurity;Finance;Java;NLP
875,Vishal_875,Computer Vision;Finance;Go;Hiking;Machine Learning;Rust
876,Karan_876,Competitive Programming;Cricket;Databases;Hiking;Machine Learning;Networking;Reading
877,Rohan_877,Blockchain;Competitive Programming;Data Structures;Deep Learning
878,Mansi_878,Backend;Cloud;Databases;DevOps;Frontend;JavaScript
879,Karan_879,C++;Cricket;Finance;Football;Hiking;Java;Machine Learning
880,Amit_880,Basketball;Cricket;Databases;Finance;NLP;Rust;Web Development
881,Simran_881,Biology;Competitive Programming;Computer Vision;Go;Java;Reading;Swimming
882,Sarthak_882,Chemistry;Competitive Programming;Deep Learning;NLP
883,Mansi_883,Go;Investing;Music;Painting;Python
884,Priya_884,Backend;Compilers;Finance;Go;Mathematics;NLP;Physics;Python
885,Rahul_885,Cloud;Cricket;Cybersecurity;JavaScript;Physics;Python
886,Simran_886,Cybersecurity;Economics;Football;Gaming;Investing;Mathematics
887,Ravi_887,Backend;Cybersecurity;Economics;Frontend;Hiking;Investing;Machine Learning
888,Sneha_888,Computer Vision;Football;Java;Photography;Physics
889,Priya_889,Basketball;Cricket;Economics;Finance;Go;Operating Systems;Rust;Web Development
890,Aditya_890,Deep Learning;Finance;Go;Networking;Painting;Python;Rust
891,Rahul_891,Blockchain;Cricket;Cybersecurity;Football;Gaming;Networking;Operating Systems
892,Amit_892,Backend;Chemistry;Compilers;Gaming;Mathematics;NLP;Photography;Python
893,Ananya_893,Cricket;Cybersecurity;Football;Gaming;Graph Theory;Machine Learning
894,Isha_894,Competitive Programming;Computer Vision;Data Structures;Deep Learning;Go;Java
895,Ravi_895,Competitive Programming;Cricket;Deep Learning;Frontend;Python;Writing
896,Aditya_896,Backend;C++;Graph Theory;NLP;Photography;Physics;Rust
897,Ananya_897,Backend;Gaming;Hiking;Music;Networking;Python;Rust
898,Amit_898,Algorithms;Competitive Programming;Football;Hiking;Mathematics;Python;Web Development
899,Megha_899,Compilers;Go;Painting;Python;Rust;Web Development
900,Divya_900,C++;Hiking;Mathematics;Physics
901,Neha_901,Backend;Biology;C++;Computer Vision;Cricket;Hiking;Operating Systems;Reading
902,Arjun_902,Blockchain;Competitive Programming;Cricket;Frontend;Operating Systems;Python;Writing
903,Kavya_903,Basketball;Deep Learning;Graph Theory;Photography;Python;Web Development
904,Rahul_904,Computer Vision;Hiking;Java;Photography;Web Development
905,Ananya_905,Computer Vision;Cricket;Finance;Java;Python
906,Vinayak_906,Backend;Basketball;Blockchain;Compilers;Finance;NLP;Networking;Swimming
907,Sarthak_907,Algorithms;Economics;Go;JavaScript;Mathematics;Physics
908,Priya_908,Algorithms;DevOps;Painting;Rust;Web Development
909,Sneha_909,Chemistry;Deep Learning;Investing;Java;Photography;Physics;Swimming
910,Yash_910,Chemistry;Compilers;Graph Theory;Mathematics;Networking;Swimming
911,Vishal_911,Compilers;Go;Painting;Web Development
912,Kavya_912,Compilers;Finance;Go;NLP;Operating Systems;Physics
913,Pooja_913,Blockchain;Frontend;Mathematics;Networking;Photography;Reading;Swimming
914,Rohan_914,Blockchain;Cybersecurity;Frontend;Networking;Photography;Reading
915,Divya_915,Basketball;C++;Computer Vision;Football;Mathematics;NLP
916,Kavya_916,Basketball;Competitive Programming;Computer Vision;Football;Swimming
917,Ishaan_917,Cybersecurity;Deep Learning;Football;Networking;Rust;Swimming
918,Neha_918,C++;Computer Vision;Java;Painting;Photography;Physics
919,Mansi_919,Algorithms;Cloud;Hiking;Investing;JavaScript;Physics
920,Sneha_920,Basketball;C++;Cybersecurity;Graph Theory;Web Development
921,Sarthak_921,Compilers;Computer Vision;Go;Machine Learning;Mathematics;Web Development
922,Kavya_922,Computer Vision;Databases;Investing;Painting;Physics;Rust;Swimming
923,Pooja_923,Compilers;Deep Learning;Gaming;Machine Learning;Photography;Physics
924,Sarthak_924,Chemistry;DevOps;Frontend;Hiking;Investing;NLP
925,Rahul_925,Biology;Football;Gaming;Go;Investing;Operating Systems
926,Isha_926,Algorithms;Biology;Compilers;Deep Learning;Frontend;Gaming;Python;Writing
927,Amit_927,Computer Vision;Finance;Frontend;Physics;Rust
928,Ravi_928,Basketball;Biology;Chemistry;Deep Learning;Finance;NLP;Physics;Python
929,Ravi_929,Algorithms;Cloud;Graph Theory;JavaScript;Physics;Python;Swimming
930,Harsh_930,C++;Compilers;Frontend;Java;Web Development
931,Neha_931,C++;Economics;Go;JavaScript;Mathematics;Physics;Writing
932,Divya_932,Gaming;Java;NLP;Reading
933,Nikhil_933,Economics;Go;JavaScript;Mathematics;Painting;Photography;Physics
934,Shreya_934,Backend;Basketball;Cybersecurity;Data Structures;Networking;Swimming
935,Sneha_935,Basketball;Biology;C++;Chemistry;Frontend
936,Vikas_936,Algorithms;Competitive Programming;Compilers;Cricket;Football
937,Mansi_937,Cloud;Compilers;Frontend;Java
938,Suhani_938,C++;Data Structures;Databases;Machine Learning;Mathematics;Web Development
939,Divya_939,Chemistry;Data Structures;Gaming;Graph Theory;Investing;JavaScript;Networking
940,Rohan_940,Biology;Compilers;Deep Learning;Java;JavaScript;Mathematics;Operating Systems;Python
941,Sarthak_941,Databases;DevOps;Finance;Football;Graph Theory;NLP;Physics
942,Kavya_942,Algorithms;Cybersecurity;Deep Learning;Football;Graph Theory;Web Development
943,Sneha_943,Chemistry;Competitive Programming;Graph Theory;Photography;Physics;Web Development
944,Atishay_944,Algorithms;Basketball;Computer Vision;Data Structures;Frontend;NLP;Networking;Swimming
945,Yash_945,Computer Vision;Databases;Economics;Investing;Painting;Reading
946,Rohan_946,Basketball;Competitive Programming;Computer Vision;Data Structures;Football;Music;Swimming
947,Vinayak_947,Algorithms;Finance;Investing;Machine Learning
948,Atishay_948,Cloud;DevOps;Java;Painting;Reading;Swimming
949,Ravi_949,Algorithms;Blockchain;Cloud;Data Structures;Gaming;Reading;Writing
950,Amit_950,Economics;Go;Investing;Mathematics;Operating Systems;Physics
951,Divya_951,Go;Graph Theory;Painting;Physics;Python;Rust
952,Priya_952,Cloud;Computer Vision;Cricket;Data Structures;Finance;Rust
953,Ravi_953,Algorithms;Machine Learning;Mathematics;NLP;Painting;Photography;Web Development
954,Vinayak_954,Chemistry;Deep Learning;Finance;NLP
955,Nidhi_955,Backend;Biology;Cricket;Cybersecurity;Hiking;Operating Systems
956,Harsh_956,Gaming;Go;JavaScript;Networking;Operating Systems
957,Megha_957,Cloud;Computer Vision;Cricket;Finance;Photography
958,Aditya_958,Basketball;Biology;Blockchain;Deep Learning;Finance;Hiking
959,Sarthak_959,Backend;Compilers;Economics;Go;JavaScript;Operating Systems
960,Simran_960,Chemistry;Cricket;Operating Systems;Python;Swimming;Web Development
961,Isha_961,Cricket;Databases;Finance;Hiking;Reading;Rust
962,Vikas_962,Computer Vision;Finance;Reading;Rust
963,Divya_963,DevOps;Finance;Machine Learning;Music;Web Development
964,Tanya_964,Algorithms;DevOps;Finance;Football;Graph Theory;JavaScript
965,Suhani_965,Cricket;Music;Photography;Rust;Web Development
966,Suhani_966,Cloud;Data Structures;Gaming;Go;Writing
967,Suhani_967,Computer Vision;Gaming;Graph Theory;Python;Reading
968,Megha_968,Go;Painting;Python;Rust;Swimming
969,Simran_969,Compilers;Go;Painting;Web Development
970,Rohan_970,Blockchain;Chemistry;Computer Vision;Deep Learning;NLP;Rust
971,Karan_971,Basketball;Competitive Programming;Football;Python;Web Development
972,Ravi_972,Algorithms;Computer Vision;Finance;Rust
973,Tanya_973,C++;Chemistry;Data Structures;Gaming;Graph Theory;Python;Reading
974,Vinayak_974,Competitive Programming;Java;Machine Learning;Music;Networking;Photography;Web Development
975,Sneha_975,Gaming;Graph Theory;Hiking;Operating Systems;Painting;Writing
976,Neha_976,Biology;Competitive Programming;Cricket;Frontend;Music;Painting;Python;Writing
977,Amit_977,Cloud;Competitive Programming;Cybersecurity;Gaming;NLP
978,Kunal_978,Basketball;Finance;Machine Learning;Music;Web Development
979,Amit_979,Backend;Chemistry;Cloud;Competitive Programming;Economics;Frontend;Hiking;NLP
980,Divya_980,Compilers;Databases;Java;Machine Learning;Painting;Web Development
981,Kunal_981,Algorithms;Competitive Programming;Databases;JavaScript;Machine Learning;Mathematics;Networking
982,Shreya_982,Computer Vision;Cybersecurity;Databases;Investing;Painting
983,Pooja_983,C++;Computer Vision;Deep Learning;Mathematics;Physics
984,Kunal_984,Cloud;Competitive Programming;Cybersecurity;Music;NLP
985,Karan_985,Compilers;Data Structures;Databases;Finance;Go;NLP;Physics;Swimming
986,Shreya_986,Chemistry;Gaming;Go;Python;Rust;Swimming;Writing
987,Kavya_987,Chemistry;Cloud;Competitive Programming;Frontend;NLP;Operating Systems
988,Ravi_988,Competitive Programming;Cybersecurity;Economics;Mathematics;Operating Systems
989,Kavya_989,Algorithms;Cricket;Java;Mathematics;Reading
990,Shreya_990,Gaming;Hiking;Music;Networking;Python;Rust
991,Arjun_991,Computer Vision;DevOps;Go;Java;Mathematics;Operating Systems;Physics
992,Harsh_992,Go;JavaScript;Operating Systems;Painting;Swimming
993,Rahul_993,Competitive Programming;Gaming;Hiking;Java;JavaScript;Painting;Reading
994,Pooja_994,Compilers;Computer Vision;Databases;Gaming;Writing
995,Divya_995,DevOps;Finance;Football;Graph Theory;Java
996,Nikhil_996,Chemistry;DevOps;Frontend;Hiking;Investing
997,Amit_997,Algorithms;Cricket;Databases;Java;Mathematics;Rust
998,Simran_998,Biology;Compilers;Football;Gaming;Investing;Operating Systems
999,Pooja_999,Competitive Programming;Computer Vision;Graph Theory;Photography;Physics
